"BGC","Latitude","Longitude","Elevation","MAT","MCMT","TD","MAP","MSP","DD5","PAS","Tmin_wt","Tmin_sp","Tmin_sm","Tmin_at","Tmax_wt","Tmax_sp","Tmax_sm","Tmax_at","PPT_wt","PPT_sp","PPT_sm","PPT_at"
"BGdh_OR",42.6668902082061,-116.422116824461,1423.89575476339,7.88217623716919,-3.60429278850884,24.1945643262388,297.715623257797,104.462483192864,2021.73505394681,58.9456268651822,-7.90184796510675,-0.799304758469157,9.13426360148231,0.386942904929,3.31510838553111,14.0664923097104,28.2798855475027,16.5764404945397,85.7884432492703,85.363362083101,54.3844980815269,72.1799429377234
"BGdw_WA",47.5315830384992,-119.177109993748,669.575696983547,8.3341407678245,-3.71675045703839,23.9447440585009,300.688071297989,85.3009597806216,2106.85237659963,62.8071297989031,-6.10146252285192,1.20399908592322,10.2109232175503,2.08884826325411,1.87116087751371,14.8003199268739,27.4497257769653,15.1470978062157,108.499771480804,72.7490859232175,45.9499542961609,73.492915904936
"BGmk_MT",43.6522628679547,-112.712920763174,1965.35367165096,4.21417963949201,-7.49462310528472,24.6857077017616,388.754045473167,181.612914789021,1358.41980745596,128.625051208521,-12.2924979516592,-4.20926362146661,6.42204526833265,-2.41325788611225,-0.35808582548136,9.83852417042196,24.2429281032364,12.4864860712823,83.847296190086,114.491089717329,100.979977468251,89.4421855796805
"BGmm_MT",45.3549110075785,-108.520498053027,1243.22100097339,7.29550616482803,-6.77019792342635,28.390233614536,326.807916937054,195.503731343284,2120.08776768332,43.8515574302401,-11.5370376378975,-0.761112913692408,10.945068137573,0.200340687865023,1.53525308241402,13.9679753406879,28.4088578844906,15.6027417261518,37.6364373783258,117.599935107073,100.626703439325,70.9503569110967
"BGmw_WA",46.4033178866176,-118.131715224568,463.853259904068,10.5824480369515,-0.469941375022206,22.5860010659087,375.985432581276,103.050453011192,2569.96784508794,31.5866050808314,-2.87077633682715,3.37763368271451,12.1579676674365,4.417427607035,4.96166281755196,16.4653757328122,29.0453011192041,17.1056137857524,130.457807781133,98.6649493693374,53.141410552496,93.7258838159531
"BGwm_WA",46.9904321030626,-117.237203958833,762.547322375398,8.40572640509014,-2.38626723223754,21.9158006362672,527.152173913043,152.028632025451,2013.58536585366,83.82131495228,-4.61558854718982,1.48483563096501,9.62688229056204,2.61648992576882,2.80572640509014,13.7336161187699,26.5657476139979,15.0281018027572,186.483563096501,134.562036055143,81.4130434782609,124.701484623542
"BGxh_WA",46.339466843057,-119.679892237286,447.76901369863,10.1091945205479,-1.21523287671233,22.723397260274,260.391287671233,69.7219726027397,2467.51506849315,29.2957808219178,-3.86484931506849,2.59315068493151,11.3737917808219,3.52449315068493,4.57373698630137,16.7249369863014,28.8890630136986,17.0604328767123,94.3652602739726,63.6857534246575,35.9428493150685,66.3955068493151
"BSJPap",57.8975042730579,-109.626414424184,391.951530813541,-1.92237433914622,-23.8256647991794,39.8843091612089,411.268563086878,255.472027144323,1162.70748836108,138.121912727847,-26.3493963544544,-7.93730766195849,8.9299928982877,-4.4626055393356,-15.3563599779058,5.06527262684447,20.6024264183698,4.12815039848497,57.1943107393672,69.6861437702202,182.497396038823,101.875364949104
"BSJPku",59.3122128783472,-109.680192072912,319.841605048921,-3.15627754126522,-25.7210994099634,41.5969676600194,368.277690641571,216.075285682277,1092.46702516992,143.736051982971,-28.0196280528792,-9.53827769064157,8.76842183882292,-5.16865337217119,-17.4861304055568,3.18386735379789,20.1720218089476,2.8356187915453,55.8327731720069,61.4992904623198,151.749421166629,99.175367839271
"BSJPpa",58.6833756537801,-111.734794385967,212.95360890709,-1.63529562324034,-23.8267980547735,40.3181469157922,381.033273611467,232.91016124904,1237.44637829537,129.307141028922,-26.3526490913745,-7.45746096749424,8.86749424110571,-4.76007166624008,-15.2774251343742,5.81090350652675,21.5777578704889,4.5059380598925,56.7450729459944,64.1420527258766,163.927309956488,96.2183260813924
"BWBScm",56.2530059794859,-112.95151468278,526.029794348448,-0.134451467006842,-20.034518149136,36.0096776064015,453.891462754648,299.513365418068,1226.61773744636,129.322248637365,-22.8692962619351,-5.85830627391859,8.24692102516526,-3.98870172793691,-11.5995332250957,7.5092253276122,21.1982652982334,6.28538211759249,64.8366384475627,79.9777243032201,216.315822026364,92.75116935328
"BWBSdm",55.4525616553355,-115.434929221117,596.250213233974,1.03010190339379,-17.1989495421081,33.219940743401,457.011514634584,302.104529538517,1290.03541928533,125.200664392171,-20.3641003770874,-4.51514859041121,8.15725668881307,-3.66483210630275,-9.27899982043455,8.70530391452684,21.6328357873945,7.56911923145987,69.104686658287,82.5435670676962,217.806046866583,87.5632070389657
"BWBSlb",57.4724223416675,-116.331920133262,666.005513906088,-1.29909300846749,-21.3564409786137,36.3661635262224,445.806184945949,281.911677097627,1069.98473844506,148.749790822986,-23.6979651260082,-6.81846447337595,7.2498711469594,-5.08621105124,-13.1974195923558,6.05714046654841,20.205050369825,4.89571605475417,69.6772984370293,80.3483717661234,202.375481107132,93.4122962615884
"BWBSlf",54.0604577525525,-116.335273169295,935.048456093112,2.02028576391905,-12.521002345175,27.232754277773,589.54486232954,407.934986536958,1133.28867367324,144.565968904716,-16.6324329019369,-3.71500043429167,7.51012333883436,-3.24163119951359,-5.09434552245288,9.14934421957787,19.8919308607661,8.29814991748458,81.8302353860853,110.590072092417,292.447537566229,104.66954746808
"BWBSnm",59.6383528414969,-115.685479518042,369.803789557412,-2.82161240838589,-24.4575024146355,40.0712118629623,375.313561729447,222.596897903528,1079.85614453724,145.460485199705,-26.9199363672519,-8.83336742230555,7.81596500198852,-5.85352536787683,-16.596863814556,4.1692574285552,20.4882336230896,3.15498551218681,60.1531163002102,66.6487131412988,155.014374183285,93.4596897903528
"BWBSpp",55.6890828050515,-118.437286130164,604.165089188205,1.35489625045504,-16.1266836548963,31.8724426647252,444.069166363305,277.350564251911,1273.24208227157,135.156170367674,-19.3654896250455,-4.04943574808882,7.93873316345104,-3.56603567528213,-8.27455405897343,8.86712777575537,21.4643611212232,7.84339279213688,77.5973789588642,77.7586457954132,198.940662540954,89.807426283218
"BWBSub",57.3923757936056,-115.68513040911,828.587247867876,-1.77289833491268,-21.3200216596724,35.5438202247191,477.473263841884,299.895762826587,956.792608636794,167.286584540409,-23.8615405441993,-7.20801407878706,6.79981047786652,-5.31555435224042,-13.2531474211453,5.29834844997969,19.1921077568702,4.1659672397455,75.1762555841343,85.6376066062001,215.625964532286,101.034384729931
"BWBSuf",53.4801859559383,-117.05161299871,1285.72749510763,1.68156911581569,-10.7565379825654,24.1726116349404,657.75974025974,432.315157445294,940.606208859634,189.478651485501,-15.2406244440491,-4.30547055684042,6.54014410247287,-3.63867639210105,-3.92424835438534,8.08373065290873,18.2971179505426,7.63839174524106,96.8822273616794,135.801725671589,299.470112079701,125.602383917452
"CCHun_CA",39.4513464101363,-122.556627296439,558.666338582677,14.9262467191601,6.33910761154856,18.5505249343832,751.250656167979,45.5301837270341,3705.91601049869,7.96981627296588,1.99816272965879,5.88700787401575,14.361811023622,8.83293963254593,12.2892388451444,19.9326771653543,32.5922572178478,23.5146981627297,398.879265091864,160.61811023622,14.6692913385827,177.11154855643
"CDFmm_OR",44.6630602511452,-123.077012017332,140.848097232338,11.1394027676621,3.98963947560087,14.7863255644574,1200.53095411508,181.725600873999,2434.40823015295,30.6864530225783,1.07294246176256,3.97845957756737,9.92407137654771,5.91895484340859,8.69426438455936,15.9580298616169,25.7888747268755,17.7799526584122,528.916970138383,271.277858703569,78.0673707210488,322.278951201748
"CDFmm_WA",48.3409454815469,-122.82098138733,69.0820643134518,9.78121827411167,3.47779187817259,12.8369289340102,824.036802030457,182.794416243655,1987.2423857868,26.1548223350254,1.29619289340102,4.35,10.2053299492386,6.13426395939086,7.25177664974619,13.5166243654822,21.0890862944162,14.4064720812183,319.517766497462,175.600253807107,91.9048223350254,236.970812182741
"CDFxm_CA",41.5960326699944,-122.505314896245,868.698482623593,11.2018600097895,2.0431718061674,19.7108663729809,699.645619187469,95.2628487518355,2633.69848262359,35.9260890846794,-1.99549681840431,2.07542829172785,10.7608418991679,4.45349975526187,8.02883015173764,16.9329906999511,29.7571708272149,19.621928536466,317.096916299559,159.837493881547,42.4356338717572,180.26774351444
"CMAun_CA",40.0621198681441,-120.327083333178,2685.484375,2.634375,-4.675,17.325,1310.75,174.65625,759.03125,797.90625,-9.1375,-6.271875,3.975,-1.890625,0.73125,5.934375,18.09375,9.55,626,324.5,73.625,286.84375
"CMAun_OR",43.5926039367868,-121.882843137104,2339.47426470588,2.17573529411765,-4.93823529411765,16.5522058823529,2150.47794117647,306.235294117647,665.279411764706,1290.01470588235,-7.99779411764706,-5.71176470588235,3.42352941176471,-1.09779411764706,-0.563970588235294,4.75,16.4544117647059,8.13823529411765,930.801470588235,509.963235294118,135.919117647059,573.742647058824
"CMAun_WA",47.9898602244798,-121.904858657093,1869.69581861013,2.2416961130742,-5.01001177856302,15.9524146054181,2846.05653710247,478.932862190813,637.186101295642,1531.35806831567,-7.45170789163722,-4.19140164899882,4.4356890459364,-0.430153121319199,-1.06890459363958,4.84852767962309,14.7932862190813,7.01861012956419,1210.83274440518,600.3074204947,220.660777385159,814.275618374558
"CMXdm_OR",41.04946091125,-122.482491129051,957.678866624922,11.3699937382592,3.07813400125235,18.1757169693175,1206.37845961177,116.610394489668,2632.7155917345,49.5425172197871,-0.84087664370695,2.55989981214778,11.1192485911083,5.71542892924233,8.50473387601753,16.0705072010019,28.5405259862242,19.2893800876644,570.528240450845,288.635942391985,41.1844708829055,306.032185347527
"CMXwm_OR",41.2225298095647,-123.570141877743,737.599055475849,11.7057269249163,4.66530368244859,15.4704447632712,1984.83919177427,189.838593974175,2642.93543758967,53.4821855571497,0.74531324725012,2.96024629363941,10.2295193687231,6.53083452893353,9.85022716403635,16.0934241989479,27.5460545193687,19.6874342419895,933.467599234816,469.506336681014,61.9111669057867,519.958990913439
"CMXxm_CA",39.62849974501,-122.204883785129,736.854316546763,13.691477587161,5.62772551189817,17.7583287216381,1176.43497509685,79.9983397897067,3301.21361372441,17.8599889319314,1.0595462091865,4.49706696181516,12.812562257886,7.59977863862756,11.4793580520199,18.4798007747648,31.1335915882678,22.4700608743774,583.206419479801,280.530713890426,23.0215827338129,289.651355838406
"CRFdh_CA",40.2914523064748,-123.908349012084,297.275896392913,12.293446221386,7.25067419253685,10.4205707118219,1505.61743493258,121.854499843211,2694.39071809345,13.2696770147382,3.07121354656632,4.90319849482596,9.89303857008467,7.42875509564127,12.5619316400125,16.416995923487,23.7772969582941,20.290624020069,709.481969269363,373.840388836626,35.0699278770775,387.219818124804
"CVGdm_CA",39.5281100535098,-122.013074428944,78.1293346489991,16.409021708486,6.98773611502678,19.2586411051593,531.825768254863,36.588102621934,4203.43022272343,3.58725683676346,3.0604454468565,7.8882153932901,15.4287848886383,9.53617141246123,13.2235692134198,22.5577107414717,34.4937411897378,25.0711869185227,273.265576543558,119.411051592895,12.5585001409642,126.58190019735
"CWFds_CA",39.9343079650872,-120.904961795453,1638.49484240688,8.18383954154728,0.00320916905444126,18.2379369627507,1270.91461318052,123.316332378223,1837.0441260745,197.467621776504,-4.96429799426934,-1.19535816618911,7.58893982808023,1.85071633237822,6.3130659025788,13.0974212034384,25.8300859598854,16.9473925501433,604.431518624642,315.044699140401,46.2246418338109,305.187392550143
"CWFmm_OR",41.7836909503692,-122.310248884162,1316.44711637487,8.81204943357364,0.952584963954686,17.4676622039135,1248.4885684861,158.936766220391,1938.79423274974,138.428630278064,-2.92566426364573,0.17653964984552,8.60943357363543,3.56481977342945,6.26749742533471,13.0000205973223,25.39491246138,16.4039546858908,552.94026776519,305.001853759011,63.4852729145211,327.053759011329
"CWFwm_OR",41.7932935109544,-123.321111427881,1243.2087849401,9.60330861380491,2.4654877353109,16.2003993154592,1840.91272104963,184.044495151169,2086.20308043354,143.331431831147,-0.837136337706788,1.2999429549344,9.91580148317171,5.668625213919,7.01226468910439,12.8414717626925,24.5776383342841,16.3351397604107,858.884768967484,430.157444381061,64.3154592127781,487.592127780947
"CWHdm_OR",44.4423722223446,-123.165680599518,502.731866612027,9.90923061161766,3.17935662329679,14.2173855137793,1971.5853908411,289.684458559574,2080.29126114128,91.8361848171294,0.388904825325274,2.74628624116382,9.11929105624424,5.60505071201721,7.64839668066796,13.911033705563,23.5726360004098,16.284940067616,859.971519311546,459.374859133285,121.30918963221,530.926544411433
"CWHdm_WA",47.2723409712681,-122.431010673373,347.784688946827,9.21341591679327,2.05664368353395,14.7536519808344,1865.95290405516,341.637022320907,1914.98048381442,125.838144209419,-0.376814304078532,2.70255930816875,9.34409255580227,5.11426901951619,6.28050718709828,13.4002337267734,22.4989949748744,14.7436134159168,773.076078064742,418.80588991469,159.061002687858,515.008180437069
"CWHds_WA",48.1528568230076,-121.070482865891,875,5.59252336448598,-3.54953271028037,18.9485981308411,1686.8785046729,257.252336448598,1299.67289719626,584.588785046729,-6.29626168224299,-1.47383177570093,6.88411214953271,0.890654205607477,1.19626168224299,10.3411214953271,21.6392523364486,11.6028037383178,770.682242990654,312.691588785047,118.514018691589,484.906542056075
"CWHmh_OR",43.6991293668826,-124.155689655027,62.9707534988506,10.7728735632184,6.17938697318008,9.22360153256705,1859.74942528736,258.000766283525,2177.31570881226,26.1915708812261,2.88904214559387,4.70812260536399,9.72291187739464,7.03931034482759,10.752030651341,14.3566283524904,19.7736398467433,16.9288888888889,816.554022988506,448.246743295019,106.614559386973,488.351724137931
"CWHms_OR",45.1423596290289,-121.917491939048,1158.24550898204,6.50050667894979,-0.846384154767388,16.0023030861354,2030.71533855366,324.253339474896,1329.30354675265,405.087517273146,-3.57991708889912,-0.668401658222017,6.85808383233533,2.43035467526486,3.58899124827269,9.85131275909719,21.0070935052971,12.5195762321511,889.668816213726,460.160294795025,140.58452326117,540.307692307692
"CWHms_WA",47.5554147810626,-121.11970742917,1178.38067061144,4.7396449704142,-4.067258382643,18.4571992110454,1814.65088757396,267.084812623274,1117.48126232742,747.159763313609,-6.57120315581854,-2.17968441814596,6.03037475345168,0.577712031558185,0.399802761341223,8.87988165680473,20.2810650887574,10.5025641025641,843.678500986193,359.108481262327,119.940828402367,492.013806706114
"CWHvh_WA",47.0294427572104,-124.124145299,44.6738874447392,9.63041556145004,4.33386383731211,10.7461538461538,2226.0008841733,374.272325375774,1873.6534040672,59.0486295313882,1.7289124668435,3.98090185676393,9.75128205128205,6.2525198938992,8.31379310344828,13.0218390804598,18.9263483642794,15.0746242263484,925.211317418214,497.68258178603,170.436781609195,632.63483642794
"CWHvm_OR",45.5191670620452,-122.175148809374,999.331951530612,7.07691326530612,-0.0721938775510204,15.425,2858.39285714286,460.626275510204,1420.79209183673,432.47193877551,-2.41670918367347,0.391198979591837,7.71390306122449,3.54477040816327,3.9984693877551,10.102806122449,20.6177295918367,12.6582908163265,1248.19005102041,653.121173469388,200.079081632653,756.975765306122
"CWHvm_WA",47.7075134921759,-122.424444214156,837.219811516156,6.83419635459818,-0.395236122618061,15.2610397680199,2878.98198011599,504.019262634631,1377.48632974316,454.916321458161,-2.74780447390224,0.364747307373654,7.768371996686,3.42000828500414,3.67089892294946,10.2921706710853,19.7426884838442,12.1580364540182,1192.18123446562,631.262634631317,227.070836785418,828.456296603148
"CWHvm1_PR",53.7195197273011,-129.010960674501,245.786358953318,5.64986015764048,-3.15840325451309,17.5622171370455,3639.82786676837,936.551741673023,1223.84515636918,851.319094838546,-4.85764047800661,0.366081871345029,8.64141876430206,2.80109331299263,0.82834986015764,9.73168065090262,18.329061784897,9.35964912280702,1171.89855072464,719.751334858886,442.591660310196,1305.58276125095
"CWHwh_WA",46.4841159509948,-123.81197361443,182.589438267793,9.62900884554321,3.57121796325697,12.4507824903606,2691.59582671808,425.151735087321,1931.56248582445,94.4209571331368,0.928351100022681,3.19709684735768,9.11642095713314,5.63052846450442,7.74143796779315,13.651304150601,21.1728736674983,15.5963256974371,1156.82014062146,599.115672488093,186.976638693581,748.694715354956
"CWHxm_OR",43.7632559043519,-122.772418164904,617.558437067773,10.3002766251729,3.22704011065007,15.2067773167358,1440.65352697095,235.739972337483,2216.48409405256,57.7330567081604,-0.00567081604426002,2.47690179806362,9.35117565698479,5.41756569847856,8.16078838174274,14.6371369294606,25.1959197786999,17.1643153526971,592.393499308437,353.571230982019,100.957123098202,393.736514522822
"CWHxm_WA",46.8453763827174,-122.692872459295,108.082292245273,10.3982845422338,3.43926906582137,14.1692149916092,1237.15588290136,230.754055565915,2205.69196345329,38.7823979116166,0.929610292746597,3.95125862390453,10.1283609919821,6.00839082603021,7.73712474361365,14.9078314376282,23.5351109453664,15.9931754614954,511.709490956554,278.245385045683,108.567406302443,338.638635092299
"ESSFab",52.5375152859035,-117.2597780547,1764.91608478803,-0.108718204488778,-11.6143142144638,22.893216957606,850.25246882793,440.097256857855,633.143840399002,407.547132169576,-15.649536159601,-5.98895760598504,4.97891271820449,-4.76669326683292,-5.52129675810474,5.19622942643392,15.4964688279302,5.38331172069825,185.032618453865,184.7536159601,284.579551122195,195.873216957606
"ESSFdh_WA",46.7489064578088,-121.104691876598,1499.98529411765,3.86218487394958,-4.72605042016807,18.4504201680672,1152.97478991597,153.974789915966,975.63025210084,595.411764705882,-7.14621848739496,-3.09411764705882,5.60756302521008,0.221008403361345,-0.312605042016807,7.33949579831933,19.1126050420168,9.21596638655462,561.613445378151,229.033613445378,73.1764705882353,289.151260504202
"ESSFdk_MT",48.8159310454305,-114.669929453093,1852.17063492063,1.42724867724868,-9.03624338624339,21.6595238095238,1445.70899470899,441.097883597884,756.232804232804,875.116402116402,-11.6822751322751,-4.79550264550265,4.38571428571429,-2.80925925925926,-4.12857142857143,5.74338624338624,18.1055555555556,6.57857142857143,484.087301587302,382.87037037037,239.312169312169,339.380952380952
"ESSFdkp_MT",48.7086253881243,-113.665883190711,2076.46794871795,0.965811965811966,-9.73760683760684,22.025641025641,1677.58974358974,494.794871794872,707.82905982906,1071.24786324786,-12.4769230769231,-5.23931623931624,4.5965811965812,-3.03076923076923,-4.58888888888889,4.65641025641026,17.2384615384615,6.55384615384615,601.57264957265,438.521367521367,269.863247863248,367.623931623932
"ESSFdm_ID",45.5803241457043,-115.13686532701,2131.40035297312,1.84914471897909,-7.9488188976378,21.3329894108064,1235.6741786587,346.940266087429,808.384740700516,742.67037740972,-11.7158294868314,-6.25028509367364,3.44819440673364,-3.68251425468368,-2.02726038555525,6.59027966331795,19.9989410806408,8.43098017920174,447.382297040456,322.538419766495,178.977192506109,286.775997827858
"ESSFdmp_ID",45.5745537725672,-114.821446700338,2361.69923857868,1.70659898477157,-8.16649746192893,21.6994923857868,1382.51776649746,352.253807106599,802.390862944162,885.832487309645,-11.2730964467005,-5.94010152284264,4.50304568527919,-3.02131979695431,-2.81827411167513,5.90406091370558,18.956345177665,7.32284263959391,533.157360406091,351.228426395939,177.852791878173,320.304568527919
"ESSFmw_WA",48.0038168973263,-120.860700049672,1688.98355754858,2.59902840059791,-5.94693572496263,18.247533632287,1414.85650224215,218.075485799701,783.224962630792,845.698056801196,-8.699177877429,-4.03692077727952,4.64454409566517,-1.11636771300448,-1.50254110612855,6.31330343796712,17.4773542600897,7.69745889387145,649.522421524664,278.758594917788,104.857997010463,381.739162929746
"ESSFmwp_WA",47.7450926245874,-120.836538461385,2086.26923076923,1.74615384615385,-6.69230769230769,18.4923076923077,1509.38461538462,203.692307692308,679.230769230769,1013.84615384615,-9.05384615384615,-4.51538461538462,4.73846153846154,-1.45384615384615,-2.73076923076923,4.64615384615385,16.0692307692308,6.30769230769231,732.461538461538,295.307692307692,91.4615384615385,390.384615384615
"ESSFvh_ID",47.1738125765081,-115.420240885249,1646.098046875,3.8694921875,-6.1062109375,21.255390625,1488.85859375,373.153515625,1104.3375,732.78046875,-8.2090625,-2.6655859375,6.589453125,-0.201953125,-1.4900390625,7.4183984375,20.6857421875,8.817890625,574.61640625,367.26328125,190.22109375,356.74609375
"ESSFwh_MT",48.6336923482209,-115.459331337158,1516.58083832335,3.42455089820359,-7.10958083832335,21.6934131736527,910.916167664671,255.197604790419,1047.35928143713,462.287425149701,-9.42574850299401,-3.02994011976048,5.55329341317365,-0.946706586826347,-2.07005988023952,7.98443113772455,20.9377245508982,8.42095808383234,336.359281437126,224.065868263473,139.736526946108,210.808383233533
"ESSFwm_MT",48.1791130169486,-114.692947427123,1813.47969798658,2.46654362416107,-7.90681208053691,21.726744966443,1449.85738255034,431.918791946309,906.668456375839,805.695302013423,-10.0756040268456,-3.72664429530201,5.80090604026846,-1.27805369127517,-3.21097315436242,6.23781879194631,18.8835570469799,7.10338926174497,521.109060402685,365.528523489933,231.831543624161,331.377181208054
"ESSFwmp_MT",48.7397521880013,-113.793918918747,2076.54391891892,1.1652027027027,-9.45439189189189,21.9128378378378,1938.76689189189,550.445945945946,730.378378378378,1242.13513513514,-12.2469594594595,-5.11283783783784,4.6097972972973,-2.92027027027027,-4.32128378378378,4.97972972972973,17.5280405405405,6.80135135135135,724.364864864865,504.290540540541,299.027027027027,411.121621621622
"ESSFxc_CO",40.4136823681457,-109.867690058297,2971.20614035088,1.1859649122807,-8.90087719298246,22.2561403508772,825.263157894737,263.535087719298,781.228070175439,492.245614035088,-14.8210526315789,-7.65087719298246,4.17719298245614,-4.68333333333333,-1.5140350877193,6.32719298245614,18.9394736842105,8.70789473684211,235.666666666667,237.508771929825,142.105263157895,209.956140350877
"ESSFxc_WA",48.530926893728,-120.265967153129,1866.05314781022,1.81660583941606,-7.19954379562044,19.0570255474453,910.355839416058,216.145072992701,713.481751824817,553.659671532847,-9.97408759124088,-4.68074817518248,4.27655109489051,-1.94133211678832,-2.6345802919708,5.53987226277372,17.0148722627737,6.91386861313869,350.087591240876,206.380474452555,121.018248175182,232.897810218978
"ESSFxcp_WA",48.576011135304,-120.384360730439,2148.60273972603,0.684931506849315,-7.48561643835616,17.6547945205479,1116.62328767123,246.924657534247,507.630136986301,753.986301369863,-10.1993150684932,-5.68767123287671,3.16438356164384,-2.56643835616438,-3.29931506849315,3.8527397260274,14.7342465753425,5.43904109589041,431.246575342466,253.876712328767,134.253424657534,297.232876712329
"ESSFxh_WA",47.9901675166931,-117.990511550994,1799.82920792079,3.58613861386139,-7.15841584158416,22.2950495049505,735.752475247525,247.039603960396,1130.15841584158,343.683168316832,-9.77722772277228,-2.61188118811881,7.4039603960396,-0.203960396039604,-2.28712871287129,7.61386138613861,20.0148514851485,8.55643564356436,233.069306930693,188.693069306931,139.910891089109,173.990099009901
"ESSFxk_MT",45.6950112269582,-112.308276897474,2407.16353247067,1.10014512032894,-9.19384447938082,22.4004474543476,944.033014874834,333.690047164107,750.065787882453,559.29253839642,-12.6828516144637,-6.50951747490628,4.13690893699359,-3.81009795622203,-3.55354940137864,5.48846293384932,18.6425444431007,7.08806385294473,292.26980287822,269.139557382997,176.554117789334,206.075341637441
"ESSFxk_UT",40.4923085073742,-110.82860674793,2947.31035485748,1.13106457242583,-8.90093077370564,22.1663176265271,798.284467713787,258.528214077952,772.488656195462,476.852239674229,-14.9555555555556,-8.06143106457243,3.68179173938336,-5.0738801628854,-1.28184991273997,6.59243746364165,19.1757417102967,8.96236183827807,226.944735311227,234.366492146597,139.588132635253,197.398487492728
"ESSFxkp_MT",43.932232858607,-111.13508107937,2740.59457390713,0.502806599761864,-9.87625446504508,22.8711855757782,873.638543970063,291.047457050519,706.988603503997,557.376254465045,-13.9924817145773,-7.69214152066678,3.8738901173669,-4.67266541928899,-3.87897601632931,5.12070079945569,18.2231161762204,7.03330498384079,274.664568804218,243.943187616942,153.650450756931,201.369280489879
"ESSFxw_OR",44.5470796401157,-117.471845694637,2168.27429667519,3.08516624040921,-5.98976982097187,20.046547314578,1079.40281329923,238.873401534527,931.434782608696,610.150895140665,-9.23209718670077,-4.60588235294118,5.25549872122762,-1.25345268542199,-0.784782608695652,6.63823529411765,19.4854219948849,9.1881074168798,431.759590792839,282.749360613811,117.503836317136,247.401534526854
"ESSFxwp_OR",45.0985684965302,-117.324482401493,2296.85791925466,1.71242236024845,-6.88229813664596,18.9916149068323,1292.04658385093,291.586956521739,690.009316770186,833.916149068323,-10.4248447204969,-6.18416149068323,3.4776397515528,-2.68198757763975,-1.37484472049689,5.34378881987578,17.6086956521739,7.93291925465839,513.95652173913,348.773291925466,140.388198757764,288.906832298137
"FGff",49.6372962515297,-113.124040807101,1188.76322355289,4.0787536039033,-9.04771567975161,25.4955976935019,468.716345087603,281.171324018629,1373.06575737414,120.224550898204,-13.0468618318918,-2.78157019294744,7.59809270348193,-1.72991794189399,-1.77714570858283,10.0379130627634,22.8925925925926,11.438123752495,75.9667332002661,130.874695054336,172.018074961189,89.8521845198492
"FGnf",51.9127865985723,-110.574566768423,744.548948776758,2.58969418960245,-14.7537844036697,32.1845795107034,374.07744648318,253.273318042813,1522.13333333333,89.7014525993884,-18.0969113149847,-3.1461620795107,9.2700993883792,-2.66133027522936,-7.43133027522936,9.5157874617737,23.5358868501529,9.72926605504587,51.140749235474,80.9855504587156,176.45993883792,65.5029051987768
"GBDdw_UT",40.8130710475902,-111.634288930601,1668.63459524558,7.96412713373128,-5.34567755785946,27.4782097601843,237.05602680909,109.50754005655,2243.53950675463,37.9338412399204,-10.3212640067023,-0.735516808042727,10.6994449680595,0.294064823541732,2.59024766991308,14.7567101267148,29.4911718504555,16.9343177296052,42.2799507801864,73.7052570949838,59.4448109749712,61.626191224212
"GBDxh_NV",40.296965179226,-118.253763623818,1466.67411444142,9.62021798365123,-1.34099114441417,23.4686648501362,232.840701634877,78.0407016348774,2377.9818119891,26.1344686648501,-6.7078780653951,0.0943017711171662,10.3659536784741,1.40422002724796,6.47119550408719,16.3145708446866,30.0407663487738,18.9759196185286,69.6347752043597,66.7468324250681,41.1596389645777,55.303848773842
"GBDxx_UT",39.138987246189,-109.082469512011,1491.96646341463,11.0088414634146,-3.93932926829268,29.2048780487805,228.44512195122,100.131097560976,2996.08536585366,20.8048780487805,-8.00030487804878,2.89512195121951,14.775,3.85457317073171,4.58536585365854,18.3310975609756,32.0198170731707,19.5954268292683,41.1158536585366,65.3475609756098,54.2134146341463,67.7713414634146
"GOun_CO",40.921424475278,-111.539526427633,1938.69705569351,6.42997516849947,-5.49858105711245,25.0297623270663,606.963816956368,195.691025186236,1787.06669031571,188.965235899255,-10.0072366087265,-1.83111032280951,9.11064207165662,0.0514721532458319,1.40358283079106,12.0519333096843,26.1524299396949,14.5062788222774,176.929407591344,175.665838949982,97.6637105356509,156.707343029443
"ICHdh_ID",46.8806685330228,-115.767985695694,1065.02145620823,6.454326415758,-4.11092156173057,21.9765564544495,965.98804080197,274.154590221597,1617.21051705944,287.47115722828,-6.83278227224763,-0.902497361941611,7.67678508617657,0.602514948997538,1.29776644389729,11.6708406612733,25.234857544847,12.8856313753078,348.847168483996,250.169363348575,141.387970453746,225.57456911713
"ICHdw_ID",47.9842289804293,-116.366369081194,1095.15111665344,5.70608774515361,-5.0896610361637,22.0949438839134,954.970638249632,272.722026981068,1475.89717719079,335.449835619544,-7.49326606960662,-1.23776215848543,7.32083663983675,0.551615463099422,0.0747420927332502,10.9060764085705,23.9670445527718,11.561013490534,349.382042852284,222.190794694479,148.27706609228,235.123228658882
"ICHmh_MT",48.3908490348466,-113.943666666495,1162.60833333333,4.88433333333333,-6.51066666666667,23.321,789.896666666667,300.64,1384.16,290.756666666667,-9.24466666666667,-2.171,6.807,-0.734333333333333,-0.903333333333333,10.501,23.999,10.8383333333333,248.243333333333,182.346666666667,172.156666666667,187.086666666667
"ICHmw_MT",48.4642828368387,-115.488210310319,1306.5834797891,4.13040421792619,-6.64499121265378,21.9397188049209,960.569420035149,280.565905096661,1177.73110720562,430.390158172232,-9.43304042179262,-2.96660808435852,5.44305799648506,-1.21441124780316,-1.07521968365554,9.74833040421793,22.5964850615114,9.92478031634446,341.743409490334,224.007029876977,151.437609841828,243.434094903339
"ICHvk_ID",47.4317192809275,-115.904222594912,1411.98112416107,4.76308724832215,-5.33036912751678,21.3187919463087,1244.98993288591,323.647651006711,1259.69630872483,519.657718120805,-7.48557046979866,-1.90973154362416,6.90503355704698,0.46241610738255,-0.706711409395973,8.69060402684564,22.073322147651,10.071644295302,476.709731543624,299.204697986577,168,301.053691275168
"ICHxw_WA",48.4631318746343,-117.695766894295,877.667283599089,6.89390660592255,-4.86793849658314,23.5198177676538,609.244874715262,194.487471526196,1789.13553530752,169.506264236902,-7.17152619589977,0.198063781321185,9.1006264236902,1.46623006833713,0.467767653758542,12.7783029612756,25.5575740318907,12.7473804100228,205.873006833713,144.218109339408,110.910592255125,148.260820045558
"IDFdh_MT",47.3897934792868,-114.396415770439,1034.71639784946,6.69241935483871,-4.7994623655914,23.6168817204301,469.772580645161,207.806989247312,1743.24462365591,109.054838709677,-7.60268817204301,-0.688709677419355,8.40021505376344,0.519139784946237,0.878279569892473,12.6976344086022,26.2602688172043,13.0734408602151,125.020967741935,120.054838709677,118.767204301075,105.953225806452
"IDFdh_UT",40.9628110921503,-110.839600899202,2294.35919055649,4.06821247892074,-7.6885328836425,24.8475548060708,487.534569983137,188.27150084317,1348.08010118044,190.564924114671,-13.1171163575042,-4.60944350758853,6.54730185497471,-2.56188870151771,-0.116441821247892,9.89873524451939,23.9398819561551,12.5595278246206,117.693929173693,140.882799325464,103.20741989882,125.732715008432
"IDFdh_WA",48.110342306664,-118.003364090573,812.083693771626,7.25383506343714,-4.49786620530565,23.4763552479815,501.865628604383,164.83967704729,1857.90282583622,118.751153402537,-7.0328431372549,0.28861014994233,8.91683967704729,1.28953287197232,1.12015570934256,13.4237312572088,26.2881199538639,13.7348615916955,167.631776239908,123.399365628604,92.2361591695502,118.614186851211
"IDFdk_MT",44.9585539602963,-111.60240632955,1977.50513947751,3.69789993041938,-7.36245809349105,23.6775697387564,548.937377443229,253.132329685622,1211.73565690429,204.308684926308,-11.5708520463027,-4.35307103548612,6.34141311910937,-2.09887405908027,-0.988658359162502,8.69320007590613,22.6238851287241,10.9353722563097,121.768739325701,165.713327851224,138.10886204061,123.352077930293
"IDFdk_WA",48.3130604776324,-119.699004974968,1280.37126865672,4.87313432835821,-6.34328358208955,22.6626865671642,523.238805970149,151.253731343284,1363.58955223881,222.940298507463,-9.06940298507463,-1.72238805970149,7.41119402985075,0.0507462686567164,-1.09626865671642,10.0283582089552,22.655223880597,10.689552238806,197.037313432836,117.291044776119,86.5298507462687,122.358208955224
"IDFdm_MT",47.441684878313,-114.546361910109,1280.17464761537,5.24240200810967,-5.89810774280749,22.9866576559181,570.407028383858,226.198493917745,1431.90615949025,189.054450666152,-8.94902490828345,-2.24537555512647,6.66937632747635,-0.732477312222437,-0.072562270708631,11.1148484263371,24.5412048658042,11.6184977794941,168.207375941301,145.515736628693,126.700521336165,129.962927206024
"IDFdm_WA",48.6877448681812,-119.007734374842,1273.926953125,4.43515625,-7.0221875,22.84328125,477.234375,185.6015625,1297.1890625,181.9375,-10.1875,-2.06,6.871875,-0.9290625,-1.21328125,10.040625,22.340625,10.61546875,142.928125,121.684375,108.634375,103.99375
"IDFdx_MT",46.123935030374,-111.264889274742,1595.25493602237,4.98961104991102,-6.61588848402678,24.2891026184222,451.748750105923,252.337513770019,1462.87840013558,115.105245318193,-11.0365138547581,-3.15769850012711,7.33932717566308,-1.32449792390475,0.381679518684857,10.5293958139141,24.495237691721,12.690755020761,74.1743072620964,139.065163969155,142.158630624523,96.3559867807813
"IDFxh_ID",45.0693270869585,-116.448866597914,1271.08739711934,7.06224279835391,-3.65595679012346,22.5625823045267,597.4329218107,184.391563786008,1776.14794238683,153.149074074074,-6.96930041152263,-0.794639917695473,8.54628600823045,1.08429012345679,2.0957304526749,12.3450925925926,25.9530864197531,14.2396399176955,196.459362139918,162.066666666667,96.6024691358025,142.301543209877
"IDFxh_WA",47.6468054977193,-120.145899244536,927.663531423685,6.90034202650705,-4.33758016246259,22.6951688755879,453.768704574605,103.590850790936,1751.30696879008,141.948696023942,-6.92586575459598,0.050192389910218,9.19935870029927,1.73223599828987,0.923001282599402,12.4198802907225,24.8297563061137,12.9735356990167,192.214194100043,92.443779392903,56.8212911500641,112.303120991877
"IDFxm_CO",39.5986298155896,-108.576276276091,2471.09065315315,5.71013513513514,-5.96013513513514,24.931981981982,480.880630630631,174.522522522523,1667.00900900901,156.045045045045,-9.96081081081081,-1.57905405405405,10.4689189189189,0.728153153153153,0.101126126126126,9.70540540540541,23.7761261261261,12.4448198198198,115.65990990991,132.002252252252,94.6171171171171,138.583333333333
"IDFxx_MT",47.6396453311397,-114.43979999983,899.281111111111,7.32995555555556,-4.29724444444444,23.84,384.206222222222,190.359111111111,1885.46133333333,68.6551111111111,-7.00346666666667,0.0339555555555556,9.13475555555556,1.07724444444444,1.33164444444444,13.4299555555556,26.9497777777778,13.6821333333333,88.2204444444444,101.027555555556,108.753777777778,86.224
"IDFxx_WA",46.057460281284,-121.063834754211,822.564859926918,7.55347137637028,-1.85615103532278,19.4084043848965,631.544457978076,94.6090133982948,1713.16199756395,126.929354445798,-4.60864799025579,-0.00840438489646773,7.98319123020706,2.02740560292326,3.28124238733252,12.8116930572473,24.7070645554202,14.2431181485993,304.886723507917,119.997563946407,46.1144945188794,160.58221680877
"IDFxx1",48.8829532015154,-118.498958333174,662.546875,6.8125,-5.565625,24.125,471.1875,186.8125,1805.0625,124.21875,-8.178125,-0.3,8.21875,0.46875,0.265625,14.153125,26.534375,13.371875,145.59375,109.78125,111.625,104.40625
"IGFdk_WA",47.0973510035872,-120.861298757075,1149.02491694352,5.62606127722407,-3.81517165005537,19.7133628645257,982.59357696567,136.809523809524,1344.688445921,379.729051310447,-6.34016242155777,-1.46216315983758,7.09088224437062,1.08844592100406,0.90406053894426,10.127427094869,22.0705426356589,11.5205241786637,481.451088962717,181.262089331857,66.2200073827981,253.637135474345
"IGFdw_OR",45.5008405814842,-121.399765184569,903.421571696932,7.40795241077019,-1.44834063869756,18.4149655604258,878.790857858485,125.232310582342,1635.35190983093,180.177207263619,-4.04477144646212,0.126361928616155,7.81947401377583,2.38083907326237,3.30914214151534,12.0372573575454,23.7100814026299,13.9139010644959,411.760801502818,178.972448340639,56.5172197871008,231.520976831559
"IGFmm_OR",45.1212645833724,-117.662482241353,1461.6771507498,5.98156274664562,-3.94976322020521,21.1042699289661,711.208681925809,195.795816890292,1475.88318863457,225.036464088398,-7.22445146014207,-1.85295185477506,7.20568271507498,0.548018942383583,1.68205209155485,10.6689265982636,23.9069613259669,12.9161957379637,253.465666929755,187.309865824783,102.484056827151,167.941752170481
"IMAab",52.279481143468,-117.12682358487,2316.29369850061,-2.07898149398892,-13.0920167499662,22.2660543023099,1299.02823179792,587.392813724166,389.791435904363,797.160070241794,-16.7792111306227,-7.68107523976766,3.46912062677293,-6.18300688909901,-7.39090909090909,2.53113602593543,12.6488990949615,2.75447791435904,343.316088072403,254.548831554775,379.397541537215,321.755504525192
"IMAun_CO",40.433180304872,-110.540864282259,3334.78232462173,-0.896286107290234,-10.1372764786795,20.9222833562586,861.492434662999,305.639614855571,485.404401650619,572.521320495186,-16.4643741403026,-10.2994497936726,1.94250343878955,-6.67496561210454,-2.58170563961486,4.25832187070151,16.0126547455296,6.64264099037139,220.565337001376,260.462173314993,168.174690508941,212.309491059147
"IMAun_MT",48.0147557483501,-113.476990632146,2257.30386416862,0.852693208430913,-9.3576112412178,21.6386416861827,1697.6018735363,483.032786885246,676.618266978923,1122.83606557377,-11.8765807962529,-5.53208430913349,4.39110070257611,-3.0423887587822,-4.47564402810304,4.53981264637002,17.0735362997658,5.75011709601874,645.709601873536,445.220140515223,256.59718969555,350.07962529274
"IMAun_WA",48.1754442729409,-120.265190476035,2097.58,0.848,-7.212,17.4805714285714,1492.98857142857,264.777142857143,519.737142857143,1044.88571428571,-10.2434285714286,-5.64457142857143,3.18971428571429,-2.63485714285714,-2.68742857142857,4.12457142857143,14.92,5.74571428571429,643.662857142857,322.08,128.6,398.702857142857
"IMAun_WY",44.0926862880831,-110.440140697005,3078.33961570769,-0.901616967660647,-10.8328433431331,22.1422091558169,895.95065098698,330.42524149517,513.280344393112,606.488450230995,-14.6632927341453,-8.70361192776144,3.01736665266695,-5.54334313313734,-5.19840403191936,3.07593448131037,15.755060898782,5.04806803863923,247.92587148257,271.10058798824,172.038639227215,204.886392272155
"IWFdw_OR",42.3055643953396,-121.028331095668,1749.24056049673,6.23680147675785,-2.36106729316999,19.0463668400738,685.022990434637,128.838227890586,1436.59238127203,195.568551770431,-6.40681322369525,-2.45992616210774,6.42539016613526,0.513928511495217,3.40307098506461,10.6498237959389,23.7815237455949,13.9908038261453,283.943950327236,171.779157576775,61.8367175700621,167.45611679812
"IWFxk_NV",40.2668569713196,-115.544706180177,2570.74848024316,4.66312056737589,-5.02137791286727,21.9105369807497,578.945288753799,178.569402228977,1294.08054711246,248.247213779129,-9.11980749746707,-3.54427558257346,7.92497467071935,-0.202988855116515,0.710790273556231,8.1806990881459,21.900506585613,11.4523302938197,170.499493414387,187.614488348531,89.645896656535,131.177811550152
"IWFxm_CA",40.0123625095179,-120.524955820477,1861.21421471173,6.7481776010603,-1.78356527501657,18.9089463220676,786.886679920477,105.523525513585,1536.51888667992,212.838966202783,-6.91457919151756,-2.64188204108681,6.279324055666,0.205500331345262,4.89244532803181,11.8341948310139,24.8123260437376,15.5202783300199,380.487077534791,188.194831013917,44.9224652087475,173.306163021869
"JPWdm_WY",43.2031632424746,-109.078192708746,1820.43170354236,5.98058007566204,-6.53460965264244,26.1721196835951,278.340708471856,154.266078184111,1765.6638771065,57.1092514043334,-11.6731399747793,-2.46752264129313,9.03164049065688,-1.00771523558409,1.1347701478849,12.1792731858306,26.3862318009859,14.2598188696549,35.5139286942566,96.5385761779204,81.0784133898888,65.2117390805915
"JPWdw_UT",40.0832226561241,-109.892469730483,1938.96039153582,7.38037603612103,-5.81023653885033,26.9226228182492,348.700518902891,146.540939416403,2087.84702473212,77.4359458184514,-10.5933216524025,-0.945757800390862,10.5816901408451,0.676251768987129,1.95395916166858,13.6161803356021,27.837462093133,15.9181413841903,72.7500505424894,97.0648291663859,81.431700249343,97.460071433385
"JPWmk_WY",43.460442931539,-108.942652581975,2016.63485915493,5.54732394366197,-5.91901408450704,24.5877464788732,340.823943661972,195.446478873239,1589.31830985915,71.3281690140845,-10.9821126760563,-2.78887323943662,8.61802816901409,-0.931549295774648,1.33985915492958,10.9859154929577,24.7764788732394,13.3707042253521,40.0760563380282,120.281690140845,104.504225352113,75.969014084507
"JPWxw_NV",40.670237319979,-114.62749816524,1894.7646728184,7.49484753384233,-3.73823598295002,24.3034381001452,392.113307414867,142.54705138414,1955.13433884491,85.4143988008806,-8.23283526160476,-1.02496135650382,10.1181413649351,1.13669961122301,2.97451871282027,12.5471356972224,26.913625930957,15.5281652536419,104.051805705185,118.491545271441,73.9399971895639,95.6327228441613
"MGPdm",50.4115370647943,-110.355334833783,773.823473361505,3.96487143370067,-12.7880879387964,31.4960145828155,328.54456320601,213.674703786561,1711.07570359323,75.8409975971497,-16.4205567984091,-2.29979285773469,9.84042864639434,-2.04781672052366,-5.26130306294363,11.024984119093,25.2672825696688,11.6094926395448,47.0753721656033,82.1893556494601,139.361449443478,59.9374706548457
"MGPmg",49.8251472863659,-111.500132257163,993.858893745797,4.23613315400134,-10.4229253530599,28.0315198386012,381.126092804304,240.856220578346,1552.86879623403,90.0008742434432,-14.3050504371217,-2.38038332212508,8.7259246805649,-1.84277067921991,-2.96145258910558,10.7725756556826,24.2020376597176,11.676415601883,56.7196368527236,104.201681237391,149.964425016812,70.2413584398117
"MGPmw_MT",47.6565461639252,-110.068342099314,1061.66528599606,6.11464825772518,-8.00395463510848,28.029197896121,343.569132149901,227.587245233399,1878.32767915845,53.7315581854043,-12.434197896121,-1.77686390532544,9.76450690335306,-0.583376068376068,-0.00275147928994078,12.5149474030243,26.9487836949375,14.4862195923734,38.0784352399737,109.189677843524,132.664661406969,63.6407955292571
"MHdm_OR",45.0481035025867,-121.805322455171,1510.01223776224,4.79592074592075,-2.45174825174825,16.0215617715618,2021.36596736597,323.365967365967,1013.56643356643,691.172494172494,-5.17097902097902,-2.39184149184149,5.42132867132867,1.0041958041958,1.89242424242424,7.87004662004662,19.0738927738928,10.6637529137529,878.118881118881,462.986013986014,144.228438228438,536.060606060606
"MHds_OR",44.0440639728579,-121.812377690651,1786.52837573386,3.9587084148728,-3.33874755381605,16.3845401174168,1900.18590998043,299.348336594912,899.716242661448,804.207436399217,-6.73953033268102,-4.12857142857143,3.68043052837573,-0.767123287671233,1.47827788649706,7.8105675146771,19.645988258317,10.6735812133072,824.544031311155,438.796477495108,134.581213307241,502.297455968689
"MHmm_WA",48.008186663348,-122.048024925916,1280.60266159696,4.96214617659485,-2.37858048162231,15.8329531051965,3147.69708491762,551.370511195606,1023.8618504436,920.648500211238,-4.70080270384453,-1.34393747359527,6.66975073933249,1.95403464300803,1.56852555978031,7.93236163920575,17.7490916772286,9.8681875792142,1311.06294888044,677.61216730038,250.164343050275,908.859315589354
"MHmmp_WA",48.4532657015136,-121.40099206334,1632.43005952381,3.39880952380952,-4.30416666666667,16.6916666666667,3121.17261904762,548.386904761905,815.375,1461.47023809524,-6.80297619047619,-2.70714285714286,5.63095238095238,0.375,-0.346428571428571,6.28273809523809,16.647619047619,8.07619047619048,1298.60119047619,621.732142857143,256.517857142857,944.261904761905
"MHms_WA",47.3720568030297,-121.225513768857,1568.60265104809,3.40246609124538,-4.6826140567201,17.2923551171393,1997.09001233046,310.192355117139,848.995067817509,1005.19112207152,-7.1517879161529,-3.32009864364981,5.00937114673243,-0.0644882860665845,-0.449568434032059,6.80480887792848,17.6956843403206,8.69321824907522,895.712700369914,419.776818742293,142.067817509248,539.517879161529
"MHmsp_WA",48.4039305951304,-121.023758865095,1783.88031914894,2.55106382978723,-5.46595744680851,17.2734042553192,2174.53191489362,347.936170212766,726.095744680851,1234.60638297872,-8.09255319148936,-3.52978723404255,4.96063829787234,-0.637234042553191,-1.34042553191489,5.61063829787234,16.2691489361702,7.13404255319149,944.648936170213,431.531914893617,161.553191489362,636.712765957447
"MHRFdm_OR",41.6416281965416,-122.735913404359,1853.61476868327,6.75575326215896,-1.02609727164887,17.6725978647687,1500.67378410439,161.571767497034,1486.83511269276,355.772241992883,-4.0447212336892,-1.32443653618031,8.24697508896797,3.25919335705813,3.32158956109134,9.51921708185053,21.9403321470937,13.1330960854093,705.800711743772,352.753262158956,65.4436536180308,376.638196915777
"MHRFds_CA",40.8445632856683,-121.389039368646,1981.1182284041,6.20839433870181,-1.59389946315276,17.7509028794534,1407.81259150805,149.271351878965,1386.16203025866,412.462176671547,-5.69331381161542,-2.43879941434846,6.82962420693021,1.44128843338214,3.73567593948267,9.80717423133236,22.3443142996584,13.643289409468,663.851634943875,347.401659346022,57.9751098096633,338.554904831625
"MHRFdsp_CA",41.4497934792612,-119.802777777621,2387.83333333333,3.66666666666667,-4.6,18.8,640.333333333333,142.666666666667,968.333333333333,309.333333333333,-8.7,-5.3,4.26666666666667,-1.66666666666667,0.9,7.66666666666667,20.8333333333333,11.1666666666667,243,181,66.3333333333333,150.333333333333
"MHRFmm_OR",43.1909623257398,-122.128358076909,1722.17391304348,5.10615058324496,-2.29437963944857,16.6252386002121,1525.87062566278,220.953340402969,1110.56839872747,520.712619300106,-6.00106044538706,-3.38738069989396,4.59703075291622,0.163520678685048,2.75493107104984,9.00763520678685,21.2580063626723,12.4611876988335,662.121951219512,364.598091198303,96.661717921527,402.458112407211
"MHRFmmp_OR",43.1553490348241,-122.098333333183,2245.05,2.9,-4.54,16.7,1459,233.2,767,791.4,-7.96,-5.36,3.04,-1.42,0.16,6.4,18.48,10.02,622.8,348.4,102.6,385.4
"MSab",50.242910227556,-113.609548286432,1429.13351134846,2.21201602136182,-10.464699599466,24.6537783711616,596.136181575434,320.723097463284,1021.45046728972,220.906809078772,-14.5994392523364,-4.34907877169559,5.91241655540721,-3.21177570093458,-3.40624833110814,7.85516688918558,20.2316955941255,9.26024032042724,114.229372496662,170.108945260347,198.049399198932,113.744459279039
"MSab_N",53.0977414272593,-117.890503002842,1239.72128378378,1.43408408408408,-11.0094594594595,24.0861111111111,557.644894894895,327.563813813814,890.9496996997,197.813063063063,-15.2166666666667,-4.76238738738739,5.70307807807808,-3.88701201201201,-4.20630630630631,7.93858858858859,18.5034534534535,7.39527027027027,103.93993993994,107.11036036036,222.598348348348,123.975975975976
"MSdh_UT",40.6653180630751,-111.345511033503,2463.6456445993,4.13979094076655,-6.82058072009292,23.6164924506388,695.061324041812,210.46968641115,1294.72636469222,317.264111498258,-11.5758885017422,-4.19017421602787,7.28264808362369,-1.64357723577236,0.0447851335656214,9.12524970963995,22.56262485482,11.511800232288,212.855516840883,198.046922183508,108.403716608595,175.759117305459
"MSdh_WY",44.6227881911311,-112.037839372457,2244.42815035154,2.14585181179016,-8.73084910762574,23.4352244456463,725.68474851271,263.978366684694,953.763061114116,384.507517577069,-13.0435154137372,-6.05863169280692,4.67468361276366,-3.62221200648999,-2.36381287182261,7.27614926987561,21.010281233099,9.29395889670092,217.753975121687,201.521362898864,142.764359113034,163.644348296376
"MSdm_WA",48.4300328146087,-119.348046874842,1414.76785714286,4.27912946428571,-6.36551339285714,21.7849330357143,625.375,181.2890625,1223.95647321429,284.095982142857,-9.21238839285714,-2.24564732142857,7.00011160714286,-0.208147321428571,-1.23805803571429,9.03459821428571,21.3099330357143,9.7984375,231.831473214286,138.753348214286,103.550223214286,151.274553571429
"MSdw_MT",48.1243485705929,-114.146757969498,1548.64716805942,3.37214484679666,-7.54986072423398,22.5476555246054,909.425255338904,307.491411327762,1085.53644382544,439.555942432683,-10.488765088208,-3.67901578458682,5.44442896935933,-1.76666666666667,-1.93254410399257,8.47629990714949,21.6594475394615,9.26736304549675,304.482126276695,231.403667595172,169.113277623027,204.450789229341
"MSmm_ID",44.9205052632293,-115.377841144585,1979.99170468685,3.02824554126918,-7.18021567814185,22.1057859809208,1010.79946080465,269.261302364164,1020.26980506014,554.190999585234,-11.2653670676068,-5.43805474906678,4.46999170468685,-2.92044794691,-0.953566984653671,8.20574450435504,21.8977187888843,10.2279966818747,374.197428452924,261.091248444629,140.318954790543,235.197428452924
"MSxh_OR",45.2424858546957,-118.216151611039,1751.65729001585,4.9256735340729,-4.53122028526149,20.3965134706815,898.900158478605,200.703645007924,1239.45800316957,362.087163232964,-7.29984152139461,-2.36608557844691,7.00126782884311,0.760697305863708,0.440095087163233,8.54564183835182,21.3995245641838,10.9188589540412,362.386687797147,226.267828843106,104.757527733756,205.488114104596
"MSxk_WA",48.6374335689495,-119.882204610795,1496.07853025937,3.33170028818444,-7.34063400576369,21.6815561959654,603.07204610951,187.265129682997,1053.55331412104,300.164265129683,-9.99682997118156,-3.18616714697406,5.93198847262248,-1.15187319884726,-2.25302593659942,8.05878962536023,20.3259365994236,8.93256484149856,210.878962536023,146.365994236311,109.040345821326,136.864553314121
"MSxm_CO",40.634756951071,-110.864564932761,2512.37708537782,2.83493621197252,-8.21825318940137,23.6077526987242,595.491658488714,206.143277723258,1081.42198233562,291.531894013739,-14.3452404317959,-6.37330716388616,4.70431795878312,-4.08439646712463,-0.229931305201178,8.89892051030422,22.4784102060844,11.6101079489696,162.62806673209,164.263984298332,115.762512266928,152.83218842002
"MSxx_NV",39.4081859142406,-114.673404255149,3067.44946808511,3.19468085106383,-5.83191489361702,20.7904255319149,626.031914893617,217.63829787234,978.031914893617,304.010638297872,-9.83085106382979,-4.77127659574468,7.20957446808511,-0.890425531914894,-0.0723404255319149,5.9563829787234,18.5936170212766,9.37872340425532,165.042553191489,214.68085106383,114.670212765957,131.68085106383
"OWun_CA",40.0368394840978,-122.052172450751,310.624899112187,16.0447134786118,6.98062953995157,19.2960855528652,881.993543179984,73.861581920904,4081.91404358354,6.18240516545601,2.72344632768362,7.33966908797417,15.830790960452,9.82243744955609,13.1218321226796,21.1867231638418,33.8216707021792,24.5123486682809,430.265536723164,218.584745762712,24.0524616626312,209.095641646489
"PPmx_WY",47.4411823681759,-110.484166666486,1239.05,6.465,-5.81,25.04,553.3,318.4,1780.15,102.45,-10,-1.175,9.545,0.56,1.315,11.655,25.735,14.08,82.9,182.7,171.25,116.2
"PPxh_WA",46.8399489454345,-117.727261212772,843.329962002682,8.1636119803308,-3.80775592311131,24.1805543138131,453.786097451945,127.771345552079,2082.27067501118,100.36790344211,-6.37856504246759,0.954135002235136,10.1038444345105,2.04899418864551,1.83500223513634,14.2498882431828,27.5378408582924,14.9582253017434,162.329012069736,114.852704514975,67.6776933392937,108.905677246312
"PPxk_OR",43.0494796654543,-121.368139639487,1464.4275,6.18881081081081,-2.33313513513514,18.4544864864865,531.048378378378,101.798918918919,1375.05972972973,141.205405405405,-7.19421621621622,-3.20413513513514,4.13702702702703,-1.56040540540541,4.41286486486486,12.3681621621622,25.211027027027,15.3345675675676,231.445945945946,116.300540540541,54.6945945945946,128.59972972973
"PPxm_OR",43.2324513075517,-120.16428571413,1427.19468344156,6.92381493506493,-2.5399025974026,20.2548863636364,445.370779220779,113.633279220779,1624.89724025974,102.948051948052,-6.92306818181818,-1.95616883116883,6.40334415584416,-0.141233766233766,4.01319805194805,12.6025162337662,25.8898701298701,15.5042857142857,164.226136363636,111.027922077922,59.5071428571429,110.605357142857
"PPxw_MT",46.3589322870287,-108.728326841749,1091.77205452775,7.38350535540409,-6.21462512171373,27.5565141187926,369.92035053554,229.307692307692,2093.77838364167,47.5639727361246,-10.8395326192795,-0.821791626095424,10.761694255112,0.456377799415774,1.88932814021422,13.7531840311587,28.1374488802337,15.7280817916261,41.6926971762415,128.690555014606,123.901850048685,75.6227848101266
"PPxx_OR",45.8260049036618,-120.875799839878,637.041091781644,8.7995800839832,-1.15692861427714,20.2920215956809,456.062387522495,73.4679064187163,2037.45230953809,70.2597480503899,-3.749850029994,1.27090581883623,9.29010197960408,2.9128374325135,4.08860227954409,14.4554889022196,26.4661067786443,15.6562087582484,217.28074385123,86.2717456508698,35.6454709058188,116.863827234553
"SASbo",59.2926368543302,-115.818963346224,811.887800783436,-4.12984051482932,-24.891410184667,38.6382204812535,429.967263570229,255.98559037493,823.57260772244,181.599748181309,-27.3036793508674,-10.0152909904869,6.36881645215445,-6.60797425853386,-17.3182568550644,2.14163402350308,18.1530777839955,1.53901790710688,70.0240626748741,79.9038891997762,179.05875769446,100.995942921097
"SBAPcp",52.8766064625063,-111.616725431861,712.696362095578,2.08837202263854,-15.1179231863442,31.7024968977937,436.998789382888,302.741775369995,1406.65957446809,103.170969401652,-18.5536303380648,-3.4441663387912,8.85540994521958,-2.8604915105475,-7.73394570382252,9.17080899488514,22.2992736297328,8.97431675796737,58.9258194364577,86.2871886444115,217.203837656245,74.5925062800763
"SBAPfp",50.7040060756887,-114.236504424608,1250.39450395901,3.01886353050768,-9.97452258965999,24.7767582673498,529.041453190498,325.991616208663,1143.93898462972,143.066138798323,-14.2196553330228,-3.58439683278994,6.42547741034001,-2.75123428039124,-2.44983698183512,9.21914299021891,21.1160223567769,10.3994876571961,77.264555193293,143.830926874709,207.921751280857,100.011644154634
"WJPxm_OR",42.9840078985152,-119.813672681303,1408.47889539137,7.62515484028286,-2.02195074372104,20.6977907827359,375.493391855645,109.91909290417,1788.43443062668,68.0872957815167,-6.17948305291392,-1.21504511094855,7.65692270178005,0.72188734455011,4.39585466959278,13.1525481589856,26.4577127529871,16.0096513045599,123.591855644965,100.797317727384,58.0188246769081,93.0909534259937
